id,category,sub_category,difficulty,question_type,question,option_a,option_b,option_c,option_d,correct_option,correct_answer,explanation,artist_or_group,song_or_release,fact_type,time_scope,source_url,source_title,source_tier,source_initial_http_status,source_final_http_status,source_final_url,source_redirect_count,source_access_status,source_fact_match,source_evidence_locator,source_last_checked,secondary_source_url,secondary_source_title,secondary_initial_http_status,secondary_final_http_status,secondary_final_url,secondary_redirect_count,secondary_evidence_locator,secondary_last_checked,last_verified,lyrics_quote_word_count,lyrics_quote_type,paraphrase_check,official_context_status,quality_score,factual_score,source_score,link_integrity_score,clarity_score,fairness_score,copyright_score,uniqueness_score,daily_eligibility_status,daily_selection_weight,cooldown_days,retirement_status,last_content_reviewed,approval_status,rejection_reason,tags
B1Q001,profile,other_verified_fact,easy,mcq,The group name LE SSERAFIM is an anagram of which English phrase?,I'M NOT AFRAID,I'M FEARLESS,WE ARE FEARLESS,FEARLESS FOREVER,B,I'M FEARLESS,SOURCE MUSIC's official artist profile states that the group name LE SSERAFIM is an anagram of I'M FEARLESS.,LE SSERAFIM,,group_name_meaning,evergreen,https://sourcemusic.com/artist/profile/LE%20SSERAFIM,LE SSERAFIM official profile - SOURCE MUSIC,A,unknown_not_observable,unknown_not_observable,,unknown_not_observable,unknown_not_observable,pending_external_validation,"Official artist profile, name-meaning paragraph: ""LE SSERAFIM (IM FEARLESS)""",,https://genius.com/albums/Le-sserafim/Fearless,LE SSERAFIM - FEARLESS album page | Genius,unknown_not_observable,unknown_not_observable,,unknown_not_observable,"Album metadata: release date May 2, 2022; label HYBE & SOURCE MUSIC",,2026-10-04,0,none,not_applicable,not_applicable,97,25,17,0,15,15,15,10,temporarily_ineligible,100,90,review_required,2026-10-04,pending_verification,External live validation required before publication.,le sserafim;group name;source music
B1Q002,profile,debut,easy,mcq,Which release was LE SSERAFIM's debut mini album on 2 May 2022?,FEARLESS,ANTIFRAGILE,UNFORGIVEN,HOT,A,FEARLESS,"FEARLESS, released on 2 May 2022, was LE SSERAFIM's debut mini album; the official profile lists the same debut date.",LE SSERAFIM,FEARLESS,debut_release,evergreen,https://sourcemusic.com/artist/profile/LE%20SSERAFIM,LE SSERAFIM official profile - SOURCE MUSIC,A,unknown_not_observable,unknown_not_observable,,unknown_not_observable,unknown_not_observable,pending_external_validation,"Official artist profile, debut line: ""2022.05.02 Debut""",,https://genius.com/albums/Le-sserafim/Fearless,LE SSERAFIM - FEARLESS album page | Genius,unknown_not_observable,unknown_not_observable,,unknown_not_observable,"Album metadata: Release date May 2, 2022; label HYBE & SOURCE MUSIC",,2026-10-04,0,none,not_applicable,not_applicable,97,25,17,0,15,15,15,10,temporarily_ineligible,100,90,review_required,2026-10-04,pending_verification,External live validation required before publication.,le sserafim;debut;fearless
B1Q003,profile,debut,easy,mcq,"Which song was Girls' Generation's debut single, released on 3 August 2007?",Gee,Genie,Into the New World,Oh!,C,Into the New World,Into the New World was released on 3 August 2007 as the debut single of Girls' Generation and is credited to SM Entertainment.,Girls' Generation,Into the New World,debut_single,evergreen,https://genius.com/Girls-generation-into-the-new-world-lyrics,Girls' Generation - Into the New World Lyrics | Genius,E,unknown_not_observable,unknown_not_observable,,unknown_not_observable,unknown_not_observable,pending_external_validation,Song metadata: Released on 2007-08-03; label SM Entertainment; track 1 of Girls Generation,,https://genius.com/albums/Girls-generation/Gee,Girls' Generation - Gee album page | Genius,unknown_not_observable,unknown_not_observable,,unknown_not_observable,"Album metadata: ""Gee is the first mini album by Girls Generation, released January 5, 2009""",,2026-10-04,0,none,not_applicable,not_applicable,92,25,12,0,15,15,15,10,temporarily_ineligible,100,90,review_required,2026-10-04,pending_verification,External live validation required before publication.,girls generation;debut;into the new world
B1Q004,profile,other_verified_fact,medium,mcq,Which Girls' Generation sub-unit released the EP Twinkle in 2012?,Girls' Generation-Oh!GG,MISAMO,EXO-CBX,Girls' Generation-TTS,D,Girls' Generation-TTS,"Twinkle, released on 29 April 2012, is the debut EP of Girls' Generation-TTS, the sub-unit of Taeyeon, Tiffany and Seohyun.",Girls' Generation-TTS,Twinkle,sub_unit_debut,evergreen,https://genius.com/albums/Girls-generation-tts/Twinkle,Girls' Generation-TTS - Twinkle album page | Genius,E,unknown_not_observable,unknown_not_observable,,unknown_not_observable,unknown_not_observable,pending_external_validation,"Album metadata: ""Twinkle is the debut mini album by Girls Generation-TTS, subunit of Girls Generation, released 2012-04-29""",,https://genius.com/Girls-generation-twin-ko-lyrics,"Taeyeon, Tiffany & Seohyun - Twinkle (Korean ver.) Lyrics | Genius",unknown_not_observable,unknown_not_observable,,unknown_not_observable,Song metadata: Released on 2012-04-29,,2026-10-04,0,none,not_applicable,not_applicable,91,24,12,0,15,15,15,10,temporarily_ineligible,100,90,review_required,2026-10-04,pending_verification,External live validation required before publication.,girls generation-tts;sub unit;twinkle
B1Q005,profile,debut,medium,mcq,Which song was released on 8 November 2005 as Super Junior's debut single?,Twins (Knock Out),Miracle,U,"Sorry, Sorry",A,Twins (Knock Out),Twins (Knock Out) was released on 8 November 2005 as Super Junior's debut single and appears on their debut album.,Super Junior,Twins (Knock Out),debut_single,evergreen,https://genius.com/Super-junior-twins-knock-out-lyrics,Super Junior - Twins (Knock Out) Lyrics | Genius,E,unknown_not_observable,unknown_not_observable,,unknown_not_observable,unknown_not_observable,pending_external_validation,Song metadata: Released on 2005-11-08; track 2 on SuperJunior05 (Super Junior 05),,https://genius.com/albums/Super-junior/Super-junior-05,Super Junior - SuperJunior05 (Super Junior 05) album page | Genius,unknown_not_observable,unknown_not_observable,,unknown_not_observable,"Album metadata: ""SuperJunior05 is the debut studio album by Super Junior, released 2005-12-05""",,2026-10-04,0,none,not_applicable,not_applicable,91,24,12,0,15,15,15,10,temporarily_ineligible,100,90,review_required,2026-10-04,pending_verification,External live validation required before publication.,super junior;debut;twins knock out
B1Q006,profile,discography,medium,mcq,"Which album, released on 5 December 2005, was Super Junior's debut studio album?",Don't Don,SuperJunior05 (Super Junior 05),"Sorry, Sorry",Bonamana,B,SuperJunior05 (Super Junior 05),"SuperJunior05 (Super Junior 05), released on 5 December 2005, was Super Junior's debut studio album.",Super Junior,SuperJunior05 (Super Junior 05),debut_album,evergreen,https://genius.com/albums/Super-junior/Super-junior-05,Super Junior - SuperJunior05 (Super Junior 05) album page | Genius,E,unknown_not_observable,unknown_not_observable,,unknown_not_observable,unknown_not_observable,pending_external_validation,"Album metadata: ""SuperJunior05 is the debut studio album released 2005-12-05""; tracks 1 Miracle, 2 Twins (Knock Out)",,https://genius.com/Super-junior-twins-knock-out-lyrics,Super Junior - Twins (Knock Out) Lyrics | Genius,unknown_not_observable,unknown_not_observable,,unknown_not_observable,Song metadata: Released on 2005-11-08; track 2 on SuperJunior05 (Super Junior 05),,2026-10-04,0,none,not_applicable,not_applicable,91,24,12,0,15,15,15,10,temporarily_ineligible,100,90,review_required,2026-10-04,pending_verification,External live validation required before publication.,super junior;debut album;2005
B1Q007,profile,discography,medium,mcq,Which 2009 album is Super Junior's third studio album?,Bonamana,Mr. Simple,"Sorry, Sorry","Sexy, Free & Single",C,"Sorry, Sorry","Sorry, Sorry, released on 12 March 2009, is Super Junior's third studio album and shares its name with its lead single.",Super Junior,"Sorry, Sorry",album_sequence,evergreen,https://genius.com/albums/Super-junior/Sorry-sorry,"Super Junior - Sorry, Sorry album page | Genius",E,unknown_not_observable,unknown_not_observable,,unknown_not_observable,unknown_not_observable,pending_external_validation,"Album metadata: ""SORRY, SORRY is the third Korean studio album by Super Junior released 2009-03-12""",,https://genius.com/Super-junior-sorry-sorry-lyrics,"Super Junior - Sorry, Sorry Lyrics | Genius",unknown_not_observable,unknown_not_observable,,unknown_not_observable,Song metadata: Released on 2009-03-12,,2026-10-04,0,none,not_applicable,not_applicable,91,24,12,0,15,15,15,10,temporarily_ineligible,100,90,review_required,2026-10-04,pending_verification,External live validation required before publication.,super junior;third album;sorry sorry
B1Q008,profile,debut,easy,mcq,Which song was 2NE1's debut single in May 2009?,I Don't Care,I Am The Best,Lonely,Fire,D,Fire,Fire was released on 6 May 2009 as the debut single of 2NE1 and is credited to YG Entertainment.,2NE1,Fire,debut_single,evergreen,https://genius.com/2ne1-fire-lyrics,2NE1 - Fire Lyrics | Genius,E,unknown_not_observable,unknown_not_observable,,unknown_not_observable,unknown_not_observable,pending_external_validation,Song metadata: Released on 2009-05-06; label YG Entertainment; debut single of 2NE1,,https://genius.com/albums/2ne1/To-anyone,2NE1 - To Anyone album page | Genius,unknown_not_observable,unknown_not_observable,,unknown_not_observable,"Album metadata: ""To Anyone is the first Korean studio album by 2NE1 released 2010-09-09""",,2026-10-04,0,none,not_applicable,not_applicable,92,25,12,0,15,15,15,10,temporarily_ineligible,100,90,review_required,2026-10-04,pending_verification,External live validation required before publication.,2ne1;debut;fire
B1Q009,profile,other_verified_fact,medium,mcq,Which release was the debut mini album of the EXO sub-unit EXO-CBX?,Hey Mama! (The 1st Mini Album),Blooming Days,Magic,Girls,A,Hey Mama! (The 1st Mini Album),"Hey Mama! (The 1st Mini Album) is the debut mini album of EXO-CBX, the EXO sub-unit of Chen, Baekhyun and Xiumin.",EXO-CBX,Hey Mama! (The 1st Mini Album),sub_unit_debut_album,evergreen,https://www.melon.com/album/detail.htm?albumId=10010921,Hey Mama! - The 1st Mini Album - Melon album page,B,unknown_not_observable,unknown_not_observable,,unknown_not_observable,unknown_not_observable,pending_external_validation,"Album info: 발매일 2016.10.31; 앨범소개: ""EXO의 첫 번째 유닛, EXO-CBX (첸백시)"" and ""첫 미니앨범 [Hey Mama!]""",,https://genius.com/albums/Exo-cbx/Hey-mama-the-1st-mini-album,EXO-CBX - Hey Mama! (The 1st Mini Album) album page | Genius,unknown_not_observable,unknown_not_observable,,unknown_not_observable,"Album metadata: 5 tracks, album art and artist credit EXO-CBX (release date field missing or conflicting)",,2026-10-04,0,none,not_applicable,not_applicable,91,23,13,0,15,15,15,10,temporarily_ineligible,100,90,review_required,2026-10-04,pending_verification,External live validation required before publication.,exo-cbx;debut;hey mama
B1Q010,profile,debut,easy,mcq,Which song was STAYC's debut single in November 2020?,ASAP,SO BAD,Stereotype,Teddy Bear,B,SO BAD,High Up Entertainment states that STAYC debuted in November 2020 with SO BAD from their first single album Star To A Young Culture.,STAYC,SO BAD,debut_single,evergreen,https://www.highup-ent.com/stayc/,STAYC official artist page - High Up Entertainment,A,unknown_not_observable,unknown_not_observable,,unknown_not_observable,unknown_not_observable,pending_external_validation,"Official page, profile section: debut 2020.11 with ""SO BAD"" from the 1st single album Star To A Young Culture",,https://genius.com/albums/Stayc/Star-to-a-young-culture,STAYC - Star To A Young Culture album page | Genius,unknown_not_observable,unknown_not_observable,,unknown_not_observable,"Album metadata: ""Star To A Young Culture is the debut album by STAYC released 2020-11-12""",,2026-10-04,0,none,not_applicable,not_applicable,97,25,17,0,15,15,15,10,temporarily_ineligible,100,90,review_required,2026-10-04,pending_verification,External live validation required before publication.,stayc;debut;so bad
B1Q011,profile,member,medium,mcq,How many members does STAYC have?,Five,Seven,Six,Eight,C,Six,The official High Up Entertainment page presents STAYC as a six-member girl group and profiles all six members by name.,STAYC,,member_count,dynamic,https://www.highup-ent.com/stayc/,STAYC official artist page - High Up Entertainment,A,unknown_not_observable,unknown_not_observable,,unknown_not_observable,unknown_not_observable,pending_external_validation,"Official page: member profiles of Sumin, Sieun, ISA, Seeun, Yoon and J (6 members)",,https://genius.com/albums/Stayc/Staydom,STAYC - STAYDOM album page | Genius,unknown_not_observable,unknown_not_observable,,unknown_not_observable,"Album metadata: ""STAYDOM is the first single album by STAYC released 2021-04-08""; track 1 ASAP",,2026-10-04,0,none,not_applicable,not_applicable,95,24,17,0,15,15,14,10,temporarily_ineligible,100,90,review_required,2026-10-04,pending_verification,External live validation required before publication.,stayc;lineup;members
B1Q012,profile,debut,easy,mcq,Which EP was ATEEZ's debut release in October 2018?,TREASURE EP.2: Zero To One,TREASURE EP.3: One To All,TREASURE EPILOGUE: Action To Answer,TREASURE EP.1: All To Zero,D,TREASURE EP.1: All To Zero,"ATEEZ debuted on 24 October 2018 with TREASURE EP.1: All To Zero, whose first title track was Pirate King.",ATEEZ,TREASURE EP.1: All To Zero,debut_release,evergreen,https://genius.com/Ateez-pirate-king-lyrics,ATEEZ - Pirate King Lyrics | Genius,E,unknown_not_observable,unknown_not_observable,,unknown_not_observable,unknown_not_observable,pending_external_validation,Song metadata: Released on 2018-10-24; track 2 on TREASURE EP.1: All to Zero; first title song after debut,,https://genius.com/Ateez-treasure-lyrics,ATEEZ - Treasure Lyrics | Genius,unknown_not_observable,unknown_not_observable,,unknown_not_observable,Song metadata: released on 2018-10-24; track 3 on TREASURE EP.1: All to Zero,,2026-10-04,0,none,not_applicable,not_applicable,92,25,12,0,15,15,15,10,temporarily_ineligible,100,90,review_required,2026-10-04,pending_verification,External live validation required before publication.,ateez;debut;treasure ep1
B1Q013,profile,agency_or_label,medium,mcq,Which company managed Wonder Girls during their 2009 United States promotion?,JYP Entertainment,SM Entertainment,YG Entertainment,Big Hit Entertainment,A,JYP Entertainment,Korea.net names JYP Entertainment as the management agency that prepared Wonder Girls' 2009 United States promotion.,Wonder Girls,,agency,evergreen,https://www.korea.net/NewsFocus/Culture/view?articleId=200292,Korea.net feature on Wonder Girls' United States promotion,C,unknown_not_observable,unknown_not_observable,,unknown_not_observable,unknown_not_observable,pending_external_validation,"Article body: Wonder Girls managed by JYP Entertainment; English version of ""Nobody"" peaked at No. 76 on Billboard Hot 100 in 2009",,https://genius.com/Wonder-girls-nobody-lyrics,Wonder Girls - Nobody Lyrics | Genius,unknown_not_observable,unknown_not_observable,,unknown_not_observable,"Song metadata: track 2 on The Wonder Years - Trilogy, released 2008-09-22; label JYP Entertainment",,2026-10-04,0,none,not_applicable,not_applicable,92,23,14,0,15,15,15,10,temporarily_ineligible,100,90,review_required,2026-10-04,pending_verification,External live validation required before publication.,wonder girls;jyp;agency
B1Q014,profile,agency_or_label,medium,mcq,Which company is credited as the label on OH MY GIRL's 2020 EP NONSTOP?,Source Music,WM Entertainment,Starship Entertainment,JYP Entertainment,B,WM Entertainment,The album credits for OH MY GIRL's 2020 EP NONSTOP list WM Entertainment as the label.,OH MY GIRL,NONSTOP,label,evergreen,https://music.apple.com/us/album/nonstop-ep/1738879486,NONSTOP - EP - Album by OH MY GIRL - Apple Music,A,unknown_not_observable,unknown_not_observable,,unknown_not_observable,unknown_not_observable,pending_external_validation,"Release line: ""℗ 2020 WM ENTERTAINMENT INC.,under license to Kakao Entertainment""; release header: ""April 27, 2020 · 5 songs, 17 minutes""",,https://genius.com/Oh-my-girl-dolphin-lyrics,OH MY GIRL - Dolphin Lyrics | Genius,unknown_not_observable,unknown_not_observable,,unknown_not_observable,Song metadata: track 2 on Nonstop; released 2020-04-27,,2026-10-04,0,none,not_applicable,not_applicable,91,24,12,0,15,15,15,10,temporarily_ineligible,100,90,review_required,2026-10-04,pending_verification,External live validation required before publication.,oh my girl;wm entertainment;label
B1Q015,profile,discography,medium,true_false,SHINee's song View appears on their 2015 album Odd.,True,False,,,A,True,"View is track 3 on Odd, released on 18 May 2015, and appears among the eleven tracks listed on that album.",SHINee,View,album_track,evergreen,https://genius.com/albums/Shinee/Odd,SHINee - Odd album page | Genius,E,unknown_not_observable,unknown_not_observable,,unknown_not_observable,unknown_not_observable,pending_external_validation,"Album metadata: ""Odd is the fourth Korean studio album by SHINee released 2015-05-18""; track 3 View",,https://genius.com/Shinee-view-lyrics,SHINee - View Lyrics | Genius,unknown_not_observable,unknown_not_observable,,unknown_not_observable,"Song metadata: released on 2015-05-18; writers JONGHYUN, LDN Noise, Ryan S. Jhun, Adrian McKinnon",,2026-10-04,0,none,not_applicable,not_applicable,92,25,12,0,15,15,15,10,temporarily_ineligible,100,90,review_required,2026-10-04,pending_verification,External live validation required before publication.,shinee;odd;view
B1Q016,lyrics,lyrics_language_or_version,medium,true_false,"Wonder Girls recorded and released Nobody in more than one language, including an English version.",True,False,,,A,True,"Wonder Girls released Nobody in more than one language, including a 2009 English-language version of the song.",Wonder Girls,Nobody,multilingual_release,evergreen,https://www.korea.net/NewsFocus/Culture/view?articleId=200292,"""4 K-pop pioneers who broke through Billboard's Hot 100 singles chart"" - Korea.net",C,unknown_not_observable,unknown_not_observable,,unknown_not_observable,unknown_not_observable,pending_external_validation,"Article body: ""the 2009 English-language version of its hit ""Nobody""""",,https://genius.com/Wonder-girls-nobody-lyrics,Wonder Girls - Nobody Lyrics | Genius,unknown_not_observable,unknown_not_observable,,unknown_not_observable,"Track metadata: track 2 on The Wonder Years - Trilogy, released 2008-09-22; label JYP Entertainment",,2026-10-04,0,none,pass,metadata_only,92,23,14,0,15,15,15,10,temporarily_ineligible,100,90,review_required,2026-10-04,pending_verification,External live validation required before publication.,wonder girls;nobody;english version
B1Q017,lyrics,lyrics_metadata,easy,mcq,Girls' Generation's Gee was the title track of which EP released in January 2009?,Oh!,Gee,Run Devil Run,Hoot,B,Gee,"Gee is the title track of Girls' Generation's first EP, which is also titled Gee and was released in January 2009.",Girls' Generation,Gee,title_track,evergreen,https://www.melon.com/album/detail.htm?albumId=458355,The First Mini Album 'Gee' - Girls' Generation - Melon album page,B,unknown_not_observable,unknown_not_observable,,unknown_not_observable,unknown_not_observable,pending_external_validation,"Album info: 발매일 2009.01.05; tracklist position 1: Title Gee; 앨범소개: ""타이틀 곡 'Gee(지)'는...""",,https://genius.com/albums/Girls-generation/Gee,Girls' Generation - Gee album page | Genius,unknown_not_observable,unknown_not_observable,,unknown_not_observable,"Album metadata: ""Gee is the first mini album by Girls Generation, released January 5, 2009""",,2026-10-04,0,none,pass,metadata_only,92,25,12,0,15,15,15,10,temporarily_ineligible,100,90,review_required,2026-10-04,pending_verification,External live validation required before publication.,girls generation;gee;title track
B1Q018,lyrics,lyrics_metadata,hard,mcq,"Which MAMAMOO release opened their Four Season, Four Color project and includes the track Starry Night?",Red Moon,Blue;s,Yellow Flower,White Wind,C,Yellow Flower,"Yellow Flower, released on 7 March 2018, is the first installment of MAMAMOO's Four Season, Four Color project and contains Starry Night.",MAMAMOO,Starry Night,project_album,evergreen,https://genius.com/albums/Mamamoo/Yellow-flower,MAMAMOO - Yellow Flower album page | Genius,E,unknown_not_observable,unknown_not_observable,,unknown_not_observable,unknown_not_observable,pending_external_validation,"Album metadata: ""Yellow Flower is the first of four albums in the Four Season, Four Color series, released 2018-03-07""; track 3 Starry Night",,https://genius.com/Mamamoo-starry-night-lyrics,MAMAMOO - Starry Night Lyrics | Genius,unknown_not_observable,unknown_not_observable,,unknown_not_observable,Song metadata: released on 2018-03-07; track 3 on Yellow Flower,,2026-10-04,0,none,pass,metadata_only,89,24,12,0,15,13,15,10,temporarily_ineligible,100,90,review_required,2026-10-04,pending_verification,External live validation required before publication.,mamamoo;yellow flower;starry night
B1Q019,lyrics,lyrics_metadata,easy,mcq,Which 2020 OH MY GIRL EP includes the song Dolphin?,Eternally,OH MY GIRL BEST,Dear OHMYGIRL,NONSTOP,D,NONSTOP,"NONSTOP, released on 27 April 2020, is the OH MY GIRL EP that contains Dolphin as track 2.",OH MY GIRL,Dolphin,album_track,evergreen,https://www.melon.com/album/detail.htm?albumId=10423289,NONSTOP - OH MY GIRL - Melon album page,B,unknown_not_observable,unknown_not_observable,,unknown_not_observable,unknown_not_observable,pending_external_validation,Album info: NONSTOP; OH MY GIRL; 발매일 2020.04.27; tracklist position 2: Dolphin,,https://genius.com/albums/Oh-my-girl/Nonstop,OH MY GIRL - Nonstop album page | Genius,unknown_not_observable,unknown_not_observable,,unknown_not_observable,"Album metadata: ""Nonstop is the 7th mini album by OH MY GIRL released 2020-04-27""; label WM Entertainment",,2026-10-04,0,none,pass,metadata_only,92,25,12,0,15,15,15,10,temporarily_ineligible,100,90,review_required,2026-10-04,pending_verification,External live validation required before publication.,oh my girl;nonstop;dolphin
B1Q020,lyrics,lyrics_metadata,medium,mcq,Which 2021 STAYC single album includes the song ASAP?,STAYDOM,STEREOTYPE,YOUNG-LUV.COM,TEENFRESH,A,STAYDOM,"STAYDOM, released on 8 April 2021 by High Up Entertainment, is the STAYC single album that opens with ASAP.",STAYC,ASAP,album_track,evergreen,https://www.highup-ent.com/stayc/,STAYC official artist page - High Up Entertainment,A,unknown_not_observable,unknown_not_observable,,unknown_not_observable,unknown_not_observable,pending_external_validation,"Official discography: 1st single album STAYDOM, released 2021.04.08, containing ASAP",,https://genius.com/albums/Stayc/Staydom,STAYC - STAYDOM album page | Genius,unknown_not_observable,unknown_not_observable,,unknown_not_observable,"Album metadata: ""STAYDOM is the first single album by STAYC released 2021-04-08""; track 1 ASAP",,2026-10-04,0,none,pass,metadata_only,97,25,17,0,15,15,15,10,temporarily_ineligible,100,90,review_required,2026-10-04,pending_verification,External live validation required before publication.,stayc;staydom;asap
B1Q021,lyrics,lyrics_metadata,medium,mcq,Which mini album did TOMORROW X TOGETHER release on 26 October 2020?,The Dream Chapter: ETERNITY,minisode1: Blue Hour,The Chaos Chapter: FREEZE,The Star Chapter: TOGETHER,B,minisode1: Blue Hour,"minisode1: Blue Hour, released on 26 October 2020, is TOMORROW X TOGETHER's third mini album.",TOMORROW X TOGETHER,minisode1: Blue Hour,album_release,evergreen,https://www.melon.com/album/detail.htm?albumId=10508871,minisode1 : Blue Hour - TOMORROW X TOGETHER - Melon album page,B,unknown_not_observable,unknown_not_observable,,unknown_not_observable,unknown_not_observable,pending_external_validation,"Album info: minisode1 : Blue Hour; TOMORROW X TOGETHER; 발매일 2020.10.26; 기획사 BIGHIT MUSIC; 앨범소개: ""세 번째 미니 앨범""",,https://genius.com/Tomorrow-x-together-5-53-blue-hour-lyrics,TOMORROW X TOGETHER - 5:53 (Blue Hour) Lyrics | Genius,unknown_not_observable,unknown_not_observable,,unknown_not_observable,Song metadata: released on 2020-10-26; track 2 on minisode1: Blue Hour,,2026-10-04,0,none,pass,metadata_only,91,24,12,0,15,15,15,10,temporarily_ineligible,100,90,review_required,2026-10-04,pending_verification,External live validation required before publication.,txt;minisode1;blue hour
B1Q022,lyrics,lyrics_metadata,easy,mcq,Which 2019 IU EP includes the song Blueming?,LILAC,Palette,Love poem,The Winning,C,Love poem,"Love poem, released on 18 November 2019, is the IU EP that contains Blueming as track 3.",IU,Blueming,album_track,evergreen,https://www.melon.com/album/detail.htm?albumId=10346650,Love poem - IU - Melon album page,B,unknown_not_observable,unknown_not_observable,,unknown_not_observable,unknown_not_observable,pending_external_validation,Album info: Love poem; IU; 발매일 2019.11.18; tracklist position 3: Title Blueming,,https://genius.com/Iu-blueming-lyrics,IU - Blueming Lyrics | Genius,unknown_not_observable,unknown_not_observable,,unknown_not_observable,Song metadata: released on 2019-11-18; track 3 on Love poem,,2026-10-04,0,none,pass,metadata_only,92,25,12,0,15,15,15,10,temporarily_ineligible,100,90,review_required,2026-10-04,pending_verification,External live validation required before publication.,iu;love poem;blueming
B1Q023,lyrics,lyrics_metadata,hard,mcq,BIGBANG's 2015 single Loser was released on which single album?,A,D,E,M,D,M,"Loser was released on 1 May 2015 on the single album M, the first release of BIGBANG's MADE Series.",BIGBANG,LOSER,single_album,evergreen,https://genius.com/Bigbang-loser-lyrics,BIGBANG - LOSER Lyrics | Genius,E,unknown_not_observable,unknown_not_observable,,unknown_not_observable,unknown_not_observable,pending_external_validation,Song metadata: released on 2015-05-01; track 4 on the single album M; part of the MADE Series,,https://genius.com/albums/Bigbang/M,BIGBANG - M single album page | Genius,unknown_not_observable,unknown_not_observable,,unknown_not_observable,"Album metadata: single album M, released 2015-05-01, part of the MADE Series",,2026-10-04,0,none,pass,metadata_only,88,23,12,0,15,13,15,10,temporarily_ineligible,100,90,review_required,2026-10-04,pending_verification,External live validation required before publication.,bigbang;loser;made series
B1Q024,lyrics,lyrics_metadata,easy,mcq,Which 2017 EXO studio album has Ko Ko Bop as its title track?,The War,EX'ACT,LOVE SHOT,Obsession,A,The War,"The War, released on 18 July 2017, is EXO's fourth studio album and includes Ko Ko Bop as its title track.",EXO,Ko Ko Bop,title_track,evergreen,https://music.apple.com/us/album/the-war-the-4th-album/1260294767,THE WAR - The 4th Album - Album by EXO - Apple Music,A,unknown_not_observable,unknown_not_observable,,unknown_not_observable,unknown_not_observable,pending_external_validation,"Release line: ""July 18, 2017 · 9 songs, 31 minutes · ℗ 2017 SM Entertainment""; RECORD LABEL: SM Entertainment; track 2 Ko Ko Bop",,https://genius.com/Exo-ko-ko-bop-lyrics,EXO - Ko Ko Bop Lyrics | Genius,unknown_not_observable,unknown_not_observable,,unknown_not_observable,Song metadata: released on 2017-07-18; track 2 on The War,,2026-10-04,0,none,pass,metadata_only,92,25,12,0,15,15,15,10,temporarily_ineligible,100,90,review_required,2026-10-04,pending_verification,External live validation required before publication.,exo;the war;ko ko bop
B1Q025,lyrics,lyrics_metadata,medium,mcq,"Which Taeyeon song, released on 7 October 2015, features the rapper Verbal Jint?",11:11,I,Rain,Why,B,I,"Taeyeon's I, released on 7 October 2015, features a rap by Verbal Jint and was the title song of her 2015 EP.",Taeyeon,I,featured_artist,evergreen,https://music.apple.com/us/song/i-feat-verbal-jint/1046202717,I (feat. Verbal Jint) - Song with Lyrics by TAEYEON - Apple Music,A,unknown_not_observable,unknown_not_observable,,unknown_not_observable,unknown_not_observable,pending_external_validation,"Sections ""Performing Artists"": TAEYEON - Vocals; Verbal Jint - Vocals; and ""Composition & Lyrics"": Verbal Jint - Lyrics; album: I - The 1st Mini Album - EP, October 7, 2015",,https://genius.com/albums/Taeyeon/I-2,Taeyeon - I album page | Genius,unknown_not_observable,unknown_not_observable,,unknown_not_observable,"Album metadata: ""I is the debut solo mini album by Taeyeon released 2015-10-07""; title track I (feat. Verbal Jint)",,2026-10-04,0,none,pass,metadata_only,91,24,12,0,15,15,15,10,temporarily_ineligible,100,90,review_required,2026-10-04,pending_verification,External live validation required before publication.,taeyeon;i;verbal jint
